,file_name,batch,TMT_group2,TMT_group1,mix_channels
0,bannertmt_b13_14,13,"['128C', '127N', '130C', '128N', '129C']","['130N', '131N', '127C', '129N']","['126', '131C']"
1,bannertmt_b11_04,11,"['131N', '130N', '129C', '127N', '129N']","['128C', '128N', '127C', '130C']","['126', '131C']"
2,bannertmt_b19_03,19,"['127N', '130N', '131N', '128N']","['128C', '129C', '127C', '129N', '130C']","['126', '131C']"
3,bannertmt_b21_11,21,"['127N', '128N', '130N', '129N']","['130C', '129C', '128C', '127C', '131N']","['126', '131C']"
4,bannertmt_b14_14,14,"['129C', '128C', '127N']","['127C', '131N', '128N', '130C', '129N', '130N']","['126', '131C']"
5,bannertmt_b03_24,3,"['128C', '127N', '130C', '129C', '127C']","['130N', '129N', '131N', '128N']","['126', '131C']"
6,bannertmt_b13_02,13,"['128C', '127N', '130C', '128N', '129C']","['130N', '131N', '127C', '129N']","['126', '131C']"
7,bannertmt_b06_15,6,"['130N', '127N', '129C', '128C', '128N']","['129N', '127C', '131N', '130C']","['126', '131C']"
8,bannertmt_b22_23,22,"['131N', '128C', '129C', '130N']","['128N', '130C', '127C', '129N', '127N']","['126', '131C']"
9,bannertmt_b19_18,19,"['127N', '130N', '131N', '128N']","['128C', '129C', '127C', '129N', '130C']","['126', '131C']"
10,bannertmt_b17_02,17,"['130N', '131N', '127N', '129N', '128N']","['127C', '129C', '128C', '130C']","['126', '131C']"
11,bannertmt_b07_05,7,"['129N', '131N', '130N', '128N', '127N']","['129C', '128C', '127C', '130C']","['126', '131C']"
12,bannertmt_b17_13,17,"['130N', '131N', '127N', '129N', '128N']","['127C', '129C', '128C', '130C']","['126', '131C']"
13,bannertmt_b22_08,22,"['131N', '128C', '129C', '130N']","['128N', '130C', '127C', '129N', '127N']","['126', '131C']"
14,bannertmt_b05_11,5,"['128N', '130C', '129C', '127N', '128C']","['127C', '129N', '130N', '131N']","['126', '131C']"
15,bannertmt_b05_07,5,"['128N', '130C', '129C', '127N', '128C']","['127C', '129N', '130N', '131N']","['126', '131C']"
16,bannertmt_b21_14,21,"['127N', '128N', '130N', '129N']","['130C', '129C', '128C', '127C', '131N']","['126', '131C']"
17,bannertmt_b08_12,8,"['130C', '127C', '129N', '129C']","['128C', '127N', '131N', '128N', '130N']","['126', '131C']"
18,bannertmt_b18_22,18,"['129C', '130C', '128N', '127N']","['130N', '131N', '127C', '129N', '128C']","['126', '131C']"
19,bannertmt_b13_09,13,"['128C', '127N', '130C', '128N', '129C']","['130N', '131N', '127C', '129N']","['126', '131C']"
20,bannertmt_b18_04,18,"['129C', '130C', '128N', '127N']","['130N', '131N', '127C', '129N', '128C']","['126', '131C']"
21,bannertmt_b16_21,16,"['130C', '127N', '129N', '130N']","['128N', '129C', '128C', '127C', '131N']","['126', '131C']"
22,bannertmt_b17_15,17,"['130N', '131N', '127N', '129N', '128N']","['127C', '129C', '128C', '130C']","['126', '131C']"
23,bannertmt_b17_03,17,"['130N', '131N', '127N', '129N', '128N']","['127C', '129C', '128C', '130C']","['126', '131C']"
24,bannertmt_b22_12,22,"['131N', '128C', '129C', '130N']","['128N', '130C', '127C', '129N', '127N']","['126', '131C']"
25,bannertmt_b20_12,20,"['128C', '130N', '128N', '130C', '127C']","['129C', '127N', '129N', '131N']","['126', '131C']"
26,bannertmt_b01_21,1,"['127N', '129N', '128N', '130N', '131N', '128C']","['129C', '130C', '127C']","['126', '131C']"
27,bannertmt_b07_08,7,"['129N', '131N', '130N', '128N', '127N']","['129C', '128C', '127C', '130C']","['126', '131C']"
28,bannertmt_b06_09,6,"['130N', '127N', '129C', '128C', '128N']","['129N', '127C', '131N', '130C']","['126', '131C']"
29,bannertmt_b14_07,14,"['129C', '128C', '127N']","['127C', '131N', '128N', '130C', '129N', '130N']","['126', '131C']"
30,bannertmt_b16_06,16,"['130C', '127N', '129N', '130N']","['128N', '129C', '128C', '127C', '131N']","['126', '131C']"
31,bannertmt_b07_13,7,"['129N', '131N', '130N', '128N', '127N']","['129C', '128C', '127C', '130C']","['126', '131C']"
32,bannertmt_b14_21,14,"['129C', '128C', '127N']","['127C', '131N', '128N', '130C', '129N', '130N']","['126', '131C']"
33,bannertmt_b06_18,6,"['130N', '127N', '129C', '128C', '128N']","['129N', '127C', '131N', '130C']","['126', '131C']"
34,bannertmt_b01_01,1,"['127N', '129N', '128N', '130N', '131N', '128C']","['129C', '130C', '127C']","['126', '131C']"
35,bannertmt_b11_18,11,"['131N', '130N', '129C', '127N', '129N']","['128C', '128N', '127C', '130C']","['126', '131C']"
36,bannertmt_b05_09,5,"['128N', '130C', '129C', '127N', '128C']","['127C', '129N', '130N', '131N']","['126', '131C']"
37,bannertmt_b19_11,19,"['127N', '130N', '131N', '128N']","['128C', '129C', '127C', '129N', '130C']","['126', '131C']"
38,bannertmt_b03_17,3,"['128C', '127N', '130C', '129C', '127C']","['130N', '129N', '131N', '128N']","['126', '131C']"
39,bannertmt_b14_01,14,"['129C', '128C', '127N']","['127C', '131N', '128N', '130C', '129N', '130N']","['126', '131C']"
40,bannertmt_b10_20,10,"['131N', '129C', '127C', '129N']","['130C', '128N', '130N', '127N', '128C']","['126', '131C']"
41,bannertmt_b10_02,10,"['131N', '129C', '127C', '129N']","['130C', '128N', '130N', '127N', '128C']","['126', '131C']"
42,bannertmt_b12_13,12,"['130C', '131N', '130N', '127N', '129N']","['129C', '127C', '128C', '128N']","['126', '131C']"
43,bannertmt_b01_08,1,"['127N', '129N', '128N', '130N', '131N', '128C']","['129C', '130C', '127C']","['126', '131C']"
44,bannertmt_b06_20,6,"['130N', '127N', '129C', '128C', '128N']","['129N', '127C', '131N', '130C']","['126', '131C']"
45,bannertmt_b17_09,17,"['130N', '131N', '127N', '129N', '128N']","['127C', '129C', '128C', '130C']","['126', '131C']"
46,bannertmt_b12_11,12,"['130C', '131N', '130N', '127N', '129N']","['129C', '127C', '128C', '128N']","['126', '131C']"
47,bannertmt_b07_03,7,"['129N', '131N', '130N', '128N', '127N']","['129C', '128C', '127C', '130C']","['126', '131C']"
48,bannertmt_b07_21,7,"['129N', '131N', '130N', '128N', '127N']","['129C', '128C', '127C', '130C']","['126', '131C']"
49,bannertmt_b20_07,20,"['128C', '130N', '128N', '130C', '127C']","['129C', '127N', '129N', '131N']","['126', '131C']"
50,bannertmt_b05_03,5,"['128N', '130C', '129C', '127N', '128C']","['127C', '129N', '130N', '131N']","['126', '131C']"
51,bannertmt_b03_21,3,"['128C', '127N', '130C', '129C', '127C']","['130N', '129N', '131N', '128N']","['126', '131C']"
52,bannertmt_b17_21,17,"['130N', '131N', '127N', '129N', '128N']","['127C', '129C', '128C', '130C']","['126', '131C']"
53,bannertmt_b11_02,11,"['131N', '130N', '129C', '127N', '129N']","['128C', '128N', '127C', '130C']","['126', '131C']"
54,bannertmt_b04_13,4,"['127N', '127C', '129C', '130C']","['129N', '128C', '130N', '128N', '131N']","['126', '131C']"
55,bannertmt_b21_10,21,"['127N', '128N', '130N', '129N']","['130C', '129C', '128C', '127C', '131N']","['126', '131C']"
56,bannertmt_b09_03,9,"['130C', '131N', '128C', '128N', '129C']","['127N', '127C', '129N', '130N']","['126', '131C']"
57,bannertmt_b05_06,5,"['128N', '130C', '129C', '127N', '128C']","['127C', '129N', '130N', '131N']","['126', '131C']"
58,bannertmt_b08_07,8,"['130C', '127C', '129N', '129C']","['128C', '127N', '131N', '128N', '130N']","['126', '131C']"
59,bannertmt_b05_22,5,"['128N', '130C', '129C', '127N', '128C']","['127C', '129N', '130N', '131N']","['126', '131C']"
60,bannertmt_b10_17,10,"['131N', '129C', '127C', '129N']","['130C', '128N', '130N', '127N', '128C']","['126', '131C']"
61,bannertmt_b14_06,14,"['129C', '128C', '127N']","['127C', '131N', '128N', '130C', '129N', '130N']","['126', '131C']"
62,bannertmt_b18_07,18,"['129C', '130C', '128N', '127N']","['130N', '131N', '127C', '129N', '128C']","['126', '131C']"
63,bannertmt_b04_14,4,"['127N', '127C', '129C', '130C']","['129N', '128C', '130N', '128N', '131N']","['126', '131C']"
64,bannertmt_b18_19,18,"['129C', '130C', '128N', '127N']","['130N', '131N', '127C', '129N', '128C']","['126', '131C']"
65,bannertmt_b08_18,8,"['130C', '127C', '129N', '129C']","['128C', '127N', '131N', '128N', '130N']","['126', '131C']"
66,bannertmt_b20_18,20,"['128C', '130N', '128N', '130C', '127C']","['129C', '127N', '129N', '131N']","['126', '131C']"
67,bannertmt_b01_11,1,"['127N', '129N', '128N', '130N', '131N', '128C']","['129C', '130C', '127C']","['126', '131C']"
68,bannertmt_b21_20,21,"['127N', '128N', '130N', '129N']","['130C', '129C', '128C', '127C', '131N']","['126', '131C']"
69,bannertmt_b12_24,12,"['130C', '131N', '130N', '127N', '129N']","['129C', '127C', '128C', '128N']","['126', '131C']"
70,bannertmt_b07_11,7,"['129N', '131N', '130N', '128N', '127N']","['129C', '128C', '127C', '130C']","['126', '131C']"
71,bannertmt_b12_06,12,"['130C', '131N', '130N', '127N', '129N']","['129C', '127C', '128C', '128N']","['126', '131C']"
72,bannertmt_b03_23,3,"['128C', '127N', '130C', '129C', '127C']","['130N', '129N', '131N', '128N']","['126', '131C']"
73,bannertmt_b02_18,2,"['128N', '131N', '128C', '129C']","['127C', '130N', '130C', '127N', '129N']","['126', '131C']"
74,bannertmt_b09_04,9,"['130C', '131N', '128C', '128N', '129C']","['127N', '127C', '129N', '130N']","['126', '131C']"
75,bannertmt_b19_06,19,"['127N', '130N', '131N', '128N']","['128C', '129C', '127C', '129N', '130C']","['126', '131C']"
76,bannertmt_b19_17,19,"['127N', '130N', '131N', '128N']","['128C', '129C', '127C', '129N', '130C']","['126', '131C']"
77,bannertmt_b04_10,4,"['127N', '127C', '129C', '130C']","['129N', '128C', '130N', '128N', '131N']","['126', '131C']"
78,bannertmt_b03_20,3,"['128C', '127N', '130C', '129C', '127C']","['130N', '129N', '131N', '128N']","['126', '131C']"
79,bannertmt_b11_20,11,"['131N', '130N', '129C', '127N', '129N']","['128C', '128N', '127C', '130C']","['126', '131C']"
80,bannertmt_b17_12,17,"['130N', '131N', '127N', '129N', '128N']","['127C', '129C', '128C', '130C']","['126', '131C']"
81,bannertmt_b06_14,6,"['130N', '127N', '129C', '128C', '128N']","['129N', '127C', '131N', '130C']","['126', '131C']"
82,bannertmt_b03_19,3,"['128C', '127N', '130C', '129C', '127C']","['130N', '129N', '131N', '128N']","['126', '131C']"
83,bannertmt_b06_21,6,"['130N', '127N', '129C', '128C', '128N']","['129N', '127C', '131N', '130C']","['126', '131C']"
84,bannertmt_b17_04,17,"['130N', '131N', '127N', '129N', '128N']","['127C', '129C', '128C', '130C']","['126', '131C']"
85,bannertmt_b18_17,18,"['129C', '130C', '128N', '127N']","['130N', '131N', '127C', '129N', '128C']","['126', '131C']"
86,bannertmt_b17_14,17,"['130N', '131N', '127N', '129N', '128N']","['127C', '129C', '128C', '130C']","['126', '131C']"
87,bannertmt_b09_23,9,"['130C', '131N', '128C', '128N', '129C']","['127N', '127C', '129N', '130N']","['126', '131C']"
88,bannertmt_b18_23,18,"['129C', '130C', '128N', '127N']","['130N', '131N', '127C', '129N', '128C']","['126', '131C']"
89,bannertmt_b01_19,1,"['127N', '129N', '128N', '130N', '131N', '128C']","['129C', '130C', '127C']","['126', '131C']"
90,bannertmt_b08_16,8,"['130C', '127C', '129N', '129C']","['128C', '127N', '131N', '128N', '130N']","['126', '131C']"
91,bannertmt_b10_15,10,"['131N', '129C', '127C', '129N']","['130C', '128N', '130N', '127N', '128C']","['126', '131C']"
92,bannertmt_b21_24,21,"['127N', '128N', '130N', '129N']","['130C', '129C', '128C', '127C', '131N']","['126', '131C']"
93,bannertmt_b02_17,2,"['128N', '131N', '128C', '129C']","['127C', '130N', '130C', '127N', '129N']","['126', '131C']"
94,bannertmt_b22_02,22,"['131N', '128C', '129C', '130N']","['128N', '130C', '127C', '129N', '127N']","['126', '131C']"
95,bannertmt_b09_14,9,"['130C', '131N', '128C', '128N', '129C']","['127N', '127C', '129N', '130N']","['126', '131C']"
96,bannertmt_b17_01,17,"['130N', '131N', '127N', '129N', '128N']","['127C', '129C', '128C', '130C']","['126', '131C']"
97,bannertmt_b18_08,18,"['129C', '130C', '128N', '127N']","['130N', '131N', '127C', '129N', '128C']","['126', '131C']"
98,bannertmt_b07_12,7,"['129N', '131N', '130N', '128N', '127N']","['129C', '128C', '127C', '130C']","['126', '131C']"
99,bannertmt_b06_02,6,"['130N', '127N', '129C', '128C', '128N']","['129N', '127C', '131N', '130C']","['126', '131C']"
100,bannertmt_b08_06,8,"['130C', '127C', '129N', '129C']","['128C', '127N', '131N', '128N', '130N']","['126', '131C']"
101,bannertmt_b11_05,11,"['131N', '130N', '129C', '127N', '129N']","['128C', '128N', '127C', '130C']","['126', '131C']"
102,bannertmt_b11_23,11,"['131N', '130N', '129C', '127N', '129N']","['128C', '128N', '127C', '130C']","['126', '131C']"
103,bannertmt_b12_20,12,"['130C', '131N', '130N', '127N', '129N']","['129C', '127C', '128C', '128N']","['126', '131C']"
104,bannertmt_b05_05,5,"['128N', '130C', '129C', '127N', '128C']","['127C', '129N', '130N', '131N']","['126', '131C']"
105,bannertmt_b21_16,21,"['127N', '128N', '130N', '129N']","['130C', '129C', '128C', '127C', '131N']","['126', '131C']"
106,bannertmt_b20_13,20,"['128C', '130N', '128N', '130C', '127C']","['129C', '127N', '129N', '131N']","['126', '131C']"
107,bannertmt_b03_18,3,"['128C', '127N', '130C', '129C', '127C']","['130N', '129N', '131N', '128N']","['126', '131C']"
108,bannertmt_b14_12,14,"['129C', '128C', '127N']","['127C', '131N', '128N', '130C', '129N', '130N']","['126', '131C']"
109,bannertmt_b21_17,21,"['127N', '128N', '130N', '129N']","['130C', '129C', '128C', '127C', '131N']","['126', '131C']"
110,bannertmt_b01_24,1,"['127N', '129N', '128N', '130N', '131N', '128C']","['129C', '130C', '127C']","['126', '131C']"
111,bannertmt_b22_05,22,"['131N', '128C', '129C', '130N']","['128N', '130C', '127C', '129N', '127N']","['126', '131C']"
112,bannertmt_b10_21,10,"['131N', '129C', '127C', '129N']","['130C', '128N', '130N', '127N', '128C']","['126', '131C']"
113,bannertmt_b03_15,3,"['128C', '127N', '130C', '129C', '127C']","['130N', '129N', '131N', '128N']","['126', '131C']"
114,bannertmt_b03_14,3,"['128C', '127N', '130C', '129C', '127C']","['130N', '129N', '131N', '128N']","['126', '131C']"
115,bannertmt_b20_06,20,"['128C', '130N', '128N', '130C', '127C']","['129C', '127N', '129N', '131N']","['126', '131C']"
116,bannertmt_b17_24,17,"['130N', '131N', '127N', '129N', '128N']","['127C', '129C', '128C', '130C']","['126', '131C']"
117,bannertmt_b02_10,2,"['128N', '131N', '128C', '129C']","['127C', '130N', '130C', '127N', '129N']","['126', '131C']"
118,bannertmt_b10_22,10,"['131N', '129C', '127C', '129N']","['130C', '128N', '130N', '127N', '128C']","['126', '131C']"
119,bannertmt_b14_16,14,"['129C', '128C', '127N']","['127C', '131N', '128N', '130C', '129N', '130N']","['126', '131C']"
120,bannertmt_b08_15,8,"['130C', '127C', '129N', '129C']","['128C', '127N', '131N', '128N', '130N']","['126', '131C']"
121,bannertmt_b13_20,13,"['128C', '127N', '130C', '128N', '129C']","['130N', '131N', '127C', '129N']","['126', '131C']"
122,bannertmt_b07_15,7,"['129N', '131N', '130N', '128N', '127N']","['129C', '128C', '127C', '130C']","['126', '131C']"
123,bannertmt_b05_17,5,"['128N', '130C', '129C', '127N', '128C']","['127C', '129N', '130N', '131N']","['126', '131C']"
124,bannertmt_b05_13,5,"['128N', '130C', '129C', '127N', '128C']","['127C', '129N', '130N', '131N']","['126', '131C']"
125,bannertmt_b20_02,20,"['128C', '130N', '128N', '130C', '127C']","['129C', '127N', '129N', '131N']","['126', '131C']"
126,bannertmt_b16_20,16,"['130C', '127N', '129N', '130N']","['128N', '129C', '128C', '127C', '131N']","['126', '131C']"
127,bannertmt_b15_16,15,"['131N', '127N', '130C', '127C', '128N']","['129C', '130N', '128C', '129N']","['126', '131C']"
128,bannertmt_b01_17,1,"['127N', '129N', '128N', '130N', '131N', '128C']","['129C', '130C', '127C']","['126', '131C']"
129,bannertmt_b15_14,15,"['131N', '127N', '130C', '127C', '128N']","['129C', '130N', '128C', '129N']","['126', '131C']"
130,bannertmt_b12_14,12,"['130C', '131N', '130N', '127N', '129N']","['129C', '127C', '128C', '128N']","['126', '131C']"
131,bannertmt_b03_10,3,"['128C', '127N', '130C', '129C', '127C']","['130N', '129N', '131N', '128N']","['126', '131C']"
132,bannertmt_b15_01,15,"['131N', '127N', '130C', '127C', '128N']","['129C', '130N', '128C', '129N']","['126', '131C']"
133,bannertmt_b10_01,10,"['131N', '129C', '127C', '129N']","['130C', '128N', '130N', '127N', '128C']","['126', '131C']"
134,bannertmt_b02_08,2,"['128N', '131N', '128C', '129C']","['127C', '130N', '130C', '127N', '129N']","['126', '131C']"
135,bannertmt_b18_06,18,"['129C', '130C', '128N', '127N']","['130N', '131N', '127C', '129N', '128C']","['126', '131C']"
136,bannertmt_b07_22,7,"['129N', '131N', '130N', '128N', '127N']","['129C', '128C', '127C', '130C']","['126', '131C']"
137,bannertmt_b06_05,6,"['130N', '127N', '129C', '128C', '128N']","['129N', '127C', '131N', '130C']","['126', '131C']"
138,bannertmt_b05_16,5,"['128N', '130C', '129C', '127N', '128C']","['127C', '129N', '130N', '131N']","['126', '131C']"
139,bannertmt_b20_14,20,"['128C', '130N', '128N', '130C', '127C']","['129C', '127N', '129N', '131N']","['126', '131C']"
140,bannertmt_b21_15,21,"['127N', '128N', '130N', '129N']","['130C', '129C', '128C', '127C', '131N']","['126', '131C']"
141,bannertmt_b18_13,18,"['129C', '130C', '128N', '127N']","['130N', '131N', '127C', '129N', '128C']","['126', '131C']"
142,bannertmt_b14_09,14,"['129C', '128C', '127N']","['127C', '131N', '128N', '130C', '129N', '130N']","['126', '131C']"
143,bannertmt_b13_21,13,"['128C', '127N', '130C', '128N', '129C']","['130N', '131N', '127C', '129N']","['126', '131C']"
144,bannertmt_b21_06,21,"['127N', '128N', '130N', '129N']","['130C', '129C', '128C', '127C', '131N']","['126', '131C']"
145,bannertmt_b18_03,18,"['129C', '130C', '128N', '127N']","['130N', '131N', '127C', '129N', '128C']","['126', '131C']"
146,bannertmt_b19_01,19,"['127N', '130N', '131N', '128N']","['128C', '129C', '127C', '129N', '130C']","['126', '131C']"
147,bannertmt_b08_11,8,"['130C', '127C', '129N', '129C']","['128C', '127N', '131N', '128N', '130N']","['126', '131C']"
148,bannertmt_b17_20,17,"['130N', '131N', '127N', '129N', '128N']","['127C', '129C', '128C', '130C']","['126', '131C']"
149,bannertmt_b04_06,4,"['127N', '127C', '129C', '130C']","['129N', '128C', '130N', '128N', '131N']","['126', '131C']"
150,bannertmt_b07_10,7,"['129N', '131N', '130N', '128N', '127N']","['129C', '128C', '127C', '130C']","['126', '131C']"
151,bannertmt_b22_07,22,"['131N', '128C', '129C', '130N']","['128N', '130C', '127C', '129N', '127N']","['126', '131C']"
152,bannertmt_b12_02,12,"['130C', '131N', '130N', '127N', '129N']","['129C', '127C', '128C', '128N']","['126', '131C']"
153,bannertmt_b21_08,21,"['127N', '128N', '130N', '129N']","['130C', '129C', '128C', '127C', '131N']","['126', '131C']"
154,bannertmt_b01_10,1,"['127N', '129N', '128N', '130N', '131N', '128C']","['129C', '130C', '127C']","['126', '131C']"
155,bannertmt_b11_15,11,"['131N', '130N', '129C', '127N', '129N']","['128C', '128N', '127C', '130C']","['126', '131C']"
156,bannertmt_b04_22,4,"['127N', '127C', '129C', '130C']","['129N', '128C', '130N', '128N', '131N']","['126', '131C']"
157,bannertmt_b18_10,18,"['129C', '130C', '128N', '127N']","['130N', '131N', '127C', '129N', '128C']","['126', '131C']"
158,bannertmt_b15_09,15,"['131N', '127N', '130C', '127C', '128N']","['129C', '130N', '128C', '129N']","['126', '131C']"
159,bannertmt_b01_16,1,"['127N', '129N', '128N', '130N', '131N', '128C']","['129C', '130C', '127C']","['126', '131C']"
160,bannertmt_b15_20,15,"['131N', '127N', '130C', '127C', '128N']","['129C', '130N', '128C', '129N']","['126', '131C']"
161,bannertmt_b10_18,10,"['131N', '129C', '127C', '129N']","['130C', '128N', '130N', '127N', '128C']","['126', '131C']"
162,bannertmt_b22_03,22,"['131N', '128C', '129C', '130N']","['128N', '130C', '127C', '129N', '127N']","['126', '131C']"
163,bannertmt_b11_01,11,"['131N', '130N', '129C', '127N', '129N']","['128C', '128N', '127C', '130C']","['126', '131C']"
164,bannertmt_b06_19,6,"['130N', '127N', '129C', '128C', '128N']","['129N', '127C', '131N', '130C']","['126', '131C']"
165,bannertmt_b21_13,21,"['127N', '128N', '130N', '129N']","['130C', '129C', '128C', '127C', '131N']","['126', '131C']"
166,bannertmt_b01_15,1,"['127N', '129N', '128N', '130N', '131N', '128C']","['129C', '130C', '127C']","['126', '131C']"
167,bannertmt_b15_17,15,"['131N', '127N', '130C', '127C', '128N']","['129C', '130N', '128C', '129N']","['126', '131C']"
168,bannertmt_b22_17,22,"['131N', '128C', '129C', '130N']","['128N', '130C', '127C', '129N', '127N']","['126', '131C']"
169,bannertmt_b04_08,4,"['127N', '127C', '129C', '130C']","['129N', '128C', '130N', '128N', '131N']","['126', '131C']"
170,bannertmt_b19_20,19,"['127N', '130N', '131N', '128N']","['128C', '129C', '127C', '129N', '130C']","['126', '131C']"
171,bannertmt_b15_21,15,"['131N', '127N', '130C', '127C', '128N']","['129C', '130N', '128C', '129N']","['126', '131C']"
172,bannertmt_b04_09,4,"['127N', '127C', '129C', '130C']","['129N', '128C', '130N', '128N', '131N']","['126', '131C']"
173,bannertmt_b03_22,3,"['128C', '127N', '130C', '129C', '127C']","['130N', '129N', '131N', '128N']","['126', '131C']"
174,bannertmt_b03_16,3,"['128C', '127N', '130C', '129C', '127C']","['130N', '129N', '131N', '128N']","['126', '131C']"
175,bannertmt_b14_05,14,"['129C', '128C', '127N']","['127C', '131N', '128N', '130C', '129N', '130N']","['126', '131C']"
176,bannertmt_b03_08,3,"['128C', '127N', '130C', '129C', '127C']","['130N', '129N', '131N', '128N']","['126', '131C']"
177,bannertmt_b07_06,7,"['129N', '131N', '130N', '128N', '127N']","['129C', '128C', '127C', '130C']","['126', '131C']"
178,bannertmt_b07_23,7,"['129N', '131N', '130N', '128N', '127N']","['129C', '128C', '127C', '130C']","['126', '131C']"
179,bannertmt_b19_02,19,"['127N', '130N', '131N', '128N']","['128C', '129C', '127C', '129N', '130C']","['126', '131C']"
180,bannertmt_b01_07,1,"['127N', '129N', '128N', '130N', '131N', '128C']","['129C', '130C', '127C']","['126', '131C']"
181,bannertmt_b19_16,19,"['127N', '130N', '131N', '128N']","['128C', '129C', '127C', '129N', '130C']","['126', '131C']"
182,bannertmt_b20_05,20,"['128C', '130N', '128N', '130C', '127C']","['129C', '127N', '129N', '131N']","['126', '131C']"
183,bannertmt_b19_09,19,"['127N', '130N', '131N', '128N']","['128C', '129C', '127C', '129N', '130C']","['126', '131C']"
184,bannertmt_b05_08,5,"['128N', '130C', '129C', '127N', '128C']","['127C', '129N', '130N', '131N']","['126', '131C']"
185,bannertmt_b19_21,19,"['127N', '130N', '131N', '128N']","['128C', '129C', '127C', '129N', '130C']","['126', '131C']"
186,bannertmt_b16_16,16,"['130C', '127N', '129N', '130N']","['128N', '129C', '128C', '127C', '131N']","['126', '131C']"
187,bannertmt_b08_21,8,"['130C', '127C', '129N', '129C']","['128C', '127N', '131N', '128N', '130N']","['126', '131C']"
188,bannertmt_b02_11,2,"['128N', '131N', '128C', '129C']","['127C', '130N', '130C', '127N', '129N']","['126', '131C']"
189,bannertmt_b03_02,3,"['128C', '127N', '130C', '129C', '127C']","['130N', '129N', '131N', '128N']","['126', '131C']"
190,bannertmt_b09_05,9,"['130C', '131N', '128C', '128N', '129C']","['127N', '127C', '129N', '130N']","['126', '131C']"
191,bannertmt_b07_01,7,"['129N', '131N', '130N', '128N', '127N']","['129C', '128C', '127C', '130C']","['126', '131C']"
192,bannertmt_b05_18,5,"['128N', '130C', '129C', '127N', '128C']","['127C', '129N', '130N', '131N']","['126', '131C']"
193,bannertmt_b18_16,18,"['129C', '130C', '128N', '127N']","['130N', '131N', '127C', '129N', '128C']","['126', '131C']"
194,bannertmt_b10_11,10,"['131N', '129C', '127C', '129N']","['130C', '128N', '130N', '127N', '128C']","['126', '131C']"
195,bannertmt_b22_04,22,"['131N', '128C', '129C', '130N']","['128N', '130C', '127C', '129N', '127N']","['126', '131C']"
196,bannertmt_b19_08,19,"['127N', '130N', '131N', '128N']","['128C', '129C', '127C', '129N', '130C']","['126', '131C']"
197,bannertmt_b13_03,13,"['128C', '127N', '130C', '128N', '129C']","['130N', '131N', '127C', '129N']","['126', '131C']"
198,bannertmt_b13_23,13,"['128C', '127N', '130C', '128N', '129C']","['130N', '131N', '127C', '129N']","['126', '131C']"
199,bannertmt_b14_10,14,"['129C', '128C', '127N']","['127C', '131N', '128N', '130C', '129N', '130N']","['126', '131C']"
200,bannertmt_b12_09,12,"['130C', '131N', '130N', '127N', '129N']","['129C', '127C', '128C', '128N']","['126', '131C']"
201,bannertmt_b04_01,4,"['127N', '127C', '129C', '130C']","['129N', '128C', '130N', '128N', '131N']","['126', '131C']"
202,bannertmt_b22_09,22,"['131N', '128C', '129C', '130N']","['128N', '130C', '127C', '129N', '127N']","['126', '131C']"
203,bannertmt_b03_05,3,"['128C', '127N', '130C', '129C', '127C']","['130N', '129N', '131N', '128N']","['126', '131C']"
204,bannertmt_b04_23,4,"['127N', '127C', '129C', '130C']","['129N', '128C', '130N', '128N', '131N']","['126', '131C']"
205,bannertmt_b04_02,4,"['127N', '127C', '129C', '130C']","['129N', '128C', '130N', '128N', '131N']","['126', '131C']"
206,bannertmt_b18_21,18,"['129C', '130C', '128N', '127N']","['130N', '131N', '127C', '129N', '128C']","['126', '131C']"
207,bannertmt_b01_14,1,"['127N', '129N', '128N', '130N', '131N', '128C']","['129C', '130C', '127C']","['126', '131C']"
208,bannertmt_b03_07,3,"['128C', '127N', '130C', '129C', '127C']","['130N', '129N', '131N', '128N']","['126', '131C']"
209,bannertmt_b10_14,10,"['131N', '129C', '127C', '129N']","['130C', '128N', '130N', '127N', '128C']","['126', '131C']"
210,bannertmt_b04_18,4,"['127N', '127C', '129C', '130C']","['129N', '128C', '130N', '128N', '131N']","['126', '131C']"
211,bannertmt_b02_03,2,"['128N', '131N', '128C', '129C']","['127C', '130N', '130C', '127N', '129N']","['126', '131C']"
212,bannertmt_b22_06,22,"['131N', '128C', '129C', '130N']","['128N', '130C', '127C', '129N', '127N']","['126', '131C']"
213,bannertmt_b05_10,5,"['128N', '130C', '129C', '127N', '128C']","['127C', '129N', '130N', '131N']","['126', '131C']"
214,bannertmt_b15_06,15,"['131N', '127N', '130C', '127C', '128N']","['129C', '130N', '128C', '129N']","['126', '131C']"
215,bannertmt_b08_10,8,"['130C', '127C', '129N', '129C']","['128C', '127N', '131N', '128N', '130N']","['126', '131C']"
216,bannertmt_b10_09,10,"['131N', '129C', '127C', '129N']","['130C', '128N', '130N', '127N', '128C']","['126', '131C']"
217,bannertmt_b12_04,12,"['130C', '131N', '130N', '127N', '129N']","['129C', '127C', '128C', '128N']","['126', '131C']"
218,bannertmt_b13_06,13,"['128C', '127N', '130C', '128N', '129C']","['130N', '131N', '127C', '129N']","['126', '131C']"
219,bannertmt_b04_17,4,"['127N', '127C', '129C', '130C']","['129N', '128C', '130N', '128N', '131N']","['126', '131C']"
220,bannertmt_b19_19,19,"['127N', '130N', '131N', '128N']","['128C', '129C', '127C', '129N', '130C']","['126', '131C']"
221,bannertmt_b16_13,16,"['130C', '127N', '129N', '130N']","['128N', '129C', '128C', '127C', '131N']","['126', '131C']"
222,bannertmt_b10_08,10,"['131N', '129C', '127C', '129N']","['130C', '128N', '130N', '127N', '128C']","['126', '131C']"
223,bannertmt_b06_13,6,"['130N', '127N', '129C', '128C', '128N']","['129N', '127C', '131N', '130C']","['126', '131C']"
224,bannertmt_b13_08,13,"['128C', '127N', '130C', '128N', '129C']","['130N', '131N', '127C', '129N']","['126', '131C']"
225,bannertmt_b12_12,12,"['130C', '131N', '130N', '127N', '129N']","['129C', '127C', '128C', '128N']","['126', '131C']"
226,bannertmt_b20_08,20,"['128C', '130N', '128N', '130C', '127C']","['129C', '127N', '129N', '131N']","['126', '131C']"
227,bannertmt_b07_17,7,"['129N', '131N', '130N', '128N', '127N']","['129C', '128C', '127C', '130C']","['126', '131C']"
228,bannertmt_b11_13,11,"['131N', '130N', '129C', '127N', '129N']","['128C', '128N', '127C', '130C']","['126', '131C']"
229,bannertmt_b21_04,21,"['127N', '128N', '130N', '129N']","['130C', '129C', '128C', '127C', '131N']","['126', '131C']"
230,bannertmt_b07_09,7,"['129N', '131N', '130N', '128N', '127N']","['129C', '128C', '127C', '130C']","['126', '131C']"
231,bannertmt_b12_05,12,"['130C', '131N', '130N', '127N', '129N']","['129C', '127C', '128C', '128N']","['126', '131C']"
232,bannertmt_b15_04,15,"['131N', '127N', '130C', '127C', '128N']","['129C', '130N', '128C', '129N']","['126', '131C']"
233,bannertmt_b08_22,8,"['130C', '127C', '129N', '129C']","['128C', '127N', '131N', '128N', '130N']","['126', '131C']"
234,bannertmt_b22_16,22,"['131N', '128C', '129C', '130N']","['128N', '130C', '127C', '129N', '127N']","['126', '131C']"
235,bannertmt_b18_14,18,"['129C', '130C', '128N', '127N']","['130N', '131N', '127C', '129N', '128C']","['126', '131C']"
236,bannertmt_b08_05,8,"['130C', '127C', '129N', '129C']","['128C', '127N', '131N', '128N', '130N']","['126', '131C']"
237,bannertmt_b15_03,15,"['131N', '127N', '130C', '127C', '128N']","['129C', '130N', '128C', '129N']","['126', '131C']"
238,bannertmt_b05_21,5,"['128N', '130C', '129C', '127N', '128C']","['127C', '129N', '130N', '131N']","['126', '131C']"
239,bannertmt_b01_18,1,"['127N', '129N', '128N', '130N', '131N', '128C']","['129C', '130C', '127C']","['126', '131C']"
240,bannertmt_b06_11,6,"['130N', '127N', '129C', '128C', '128N']","['129N', '127C', '131N', '130C']","['126', '131C']"
241,bannertmt_b09_16,9,"['130C', '131N', '128C', '128N', '129C']","['127N', '127C', '129N', '130N']","['126', '131C']"
242,bannertmt_b03_03,3,"['128C', '127N', '130C', '129C', '127C']","['130N', '129N', '131N', '128N']","['126', '131C']"
243,bannertmt_b16_18,16,"['130C', '127N', '129N', '130N']","['128N', '129C', '128C', '127C', '131N']","['126', '131C']"
244,bannertmt_b14_03,14,"['129C', '128C', '127N']","['127C', '131N', '128N', '130C', '129N', '130N']","['126', '131C']"
245,bannertmt_b01_02,1,"['127N', '129N', '128N', '130N', '131N', '128C']","['129C', '130C', '127C']","['126', '131C']"
246,bannertmt_b16_15,16,"['130C', '127N', '129N', '130N']","['128N', '129C', '128C', '127C', '131N']","['126', '131C']"
247,bannertmt_b13_16,13,"['128C', '127N', '130C', '128N', '129C']","['130N', '131N', '127C', '129N']","['126', '131C']"
248,bannertmt_b14_08,14,"['129C', '128C', '127N']","['127C', '131N', '128N', '130C', '129N', '130N']","['126', '131C']"
249,bannertmt_b12_03,12,"['130C', '131N', '130N', '127N', '129N']","['129C', '127C', '128C', '128N']","['126', '131C']"
250,bannertmt_b08_13,8,"['130C', '127C', '129N', '129C']","['128C', '127N', '131N', '128N', '130N']","['126', '131C']"
251,bannertmt_b06_23,6,"['130N', '127N', '129C', '128C', '128N']","['129N', '127C', '131N', '130C']","['126', '131C']"
252,bannertmt_b02_23,2,"['128N', '131N', '128C', '129C']","['127C', '130N', '130C', '127N', '129N']","['126', '131C']"
253,bannertmt_b14_11,14,"['129C', '128C', '127N']","['127C', '131N', '128N', '130C', '129N', '130N']","['126', '131C']"
254,bannertmt_b05_20,5,"['128N', '130C', '129C', '127N', '128C']","['127C', '129N', '130N', '131N']","['126', '131C']"
255,bannertmt_b19_05,19,"['127N', '130N', '131N', '128N']","['128C', '129C', '127C', '129N', '130C']","['126', '131C']"
256,bannertmt_b07_02,7,"['129N', '131N', '130N', '128N', '127N']","['129C', '128C', '127C', '130C']","['126', '131C']"
257,bannertmt_b02_14,2,"['128N', '131N', '128C', '129C']","['127C', '130N', '130C', '127N', '129N']","['126', '131C']"
258,bannertmt_b21_02,21,"['127N', '128N', '130N', '129N']","['130C', '129C', '128C', '127C', '131N']","['126', '131C']"
259,bannertmt_b12_08,12,"['130C', '131N', '130N', '127N', '129N']","['129C', '127C', '128C', '128N']","['126', '131C']"
260,bannertmt_b07_20,7,"['129N', '131N', '130N', '128N', '127N']","['129C', '128C', '127C', '130C']","['126', '131C']"
261,bannertmt_b01_05,1,"['127N', '129N', '128N', '130N', '131N', '128C']","['129C', '130C', '127C']","['126', '131C']"
262,bannertmt_b11_09,11,"['131N', '130N', '129C', '127N', '129N']","['128C', '128N', '127C', '130C']","['126', '131C']"
263,bannertmt_b16_02,16,"['130C', '127N', '129N', '130N']","['128N', '129C', '128C', '127C', '131N']","['126', '131C']"
264,bannertmt_b16_17,16,"['130C', '127N', '129N', '130N']","['128N', '129C', '128C', '127C', '131N']","['126', '131C']"
265,bannertmt_b09_24,9,"['130C', '131N', '128C', '128N', '129C']","['127N', '127C', '129N', '130N']","['126', '131C']"
266,bannertmt_b02_13,2,"['128N', '131N', '128C', '129C']","['127C', '130N', '130C', '127N', '129N']","['126', '131C']"
267,bannertmt_b04_05,4,"['127N', '127C', '129C', '130C']","['129N', '128C', '130N', '128N', '131N']","['126', '131C']"
268,bannertmt_b02_24,2,"['128N', '131N', '128C', '129C']","['127C', '130N', '130C', '127N', '129N']","['126', '131C']"
269,bannertmt_b01_22,1,"['127N', '129N', '128N', '130N', '131N', '128C']","['129C', '130C', '127C']","['126', '131C']"
270,bannertmt_b07_07,7,"['129N', '131N', '130N', '128N', '127N']","['129C', '128C', '127C', '130C']","['126', '131C']"
271,bannertmt_b05_23,5,"['128N', '130C', '129C', '127N', '128C']","['127C', '129N', '130N', '131N']","['126', '131C']"
272,bannertmt_b20_10,20,"['128C', '130N', '128N', '130C', '127C']","['129C', '127N', '129N', '131N']","['126', '131C']"
273,bannertmt_b05_15,5,"['128N', '130C', '129C', '127N', '128C']","['127C', '129N', '130N', '131N']","['126', '131C']"
274,bannertmt_b20_04,20,"['128C', '130N', '128N', '130C', '127C']","['129C', '127N', '129N', '131N']","['126', '131C']"
275,bannertmt_b20_19,20,"['128C', '130N', '128N', '130C', '127C']","['129C', '127N', '129N', '131N']","['126', '131C']"
276,bannertmt_b15_19,15,"['131N', '127N', '130C', '127C', '128N']","['129C', '130N', '128C', '129N']","['126', '131C']"
277,bannertmt_b02_16,2,"['128N', '131N', '128C', '129C']","['127C', '130N', '130C', '127N', '129N']","['126', '131C']"
278,bannertmt_b09_18,9,"['130C', '131N', '128C', '128N', '129C']","['127N', '127C', '129N', '130N']","['126', '131C']"
279,bannertmt_b04_12,4,"['127N', '127C', '129C', '130C']","['129N', '128C', '130N', '128N', '131N']","['126', '131C']"
280,bannertmt_b14_22,14,"['129C', '128C', '127N']","['127C', '131N', '128N', '130C', '129N', '130N']","['126', '131C']"
281,bannertmt_b08_19,8,"['130C', '127C', '129N', '129C']","['128C', '127N', '131N', '128N', '130N']","['126', '131C']"
282,bannertmt_b22_10,22,"['131N', '128C', '129C', '130N']","['128N', '130C', '127C', '129N', '127N']","['126', '131C']"
283,bannertmt_b13_13,13,"['128C', '127N', '130C', '128N', '129C']","['130N', '131N', '127C', '129N']","['126', '131C']"
284,bannertmt_b22_13,22,"['131N', '128C', '129C', '130N']","['128N', '130C', '127C', '129N', '127N']","['126', '131C']"
285,bannertmt_b09_21,9,"['130C', '131N', '128C', '128N', '129C']","['127N', '127C', '129N', '130N']","['126', '131C']"
286,bannertmt_b19_23,19,"['127N', '130N', '131N', '128N']","['128C', '129C', '127C', '129N', '130C']","['126', '131C']"
287,bannertmt_b17_18,17,"['130N', '131N', '127N', '129N', '128N']","['127C', '129C', '128C', '130C']","['126', '131C']"
288,bannertmt_b03_06,3,"['128C', '127N', '130C', '129C', '127C']","['130N', '129N', '131N', '128N']","['126', '131C']"
289,bannertmt_b01_03,1,"['127N', '129N', '128N', '130N', '131N', '128C']","['129C', '130C', '127C']","['126', '131C']"
290,bannertmt_b01_23,1,"['127N', '129N', '128N', '130N', '131N', '128C']","['129C', '130C', '127C']","['126', '131C']"
291,bannertmt_b03_01,3,"['128C', '127N', '130C', '129C', '127C']","['130N', '129N', '131N', '128N']","['126', '131C']"
292,bannertmt_b09_20,9,"['130C', '131N', '128C', '128N', '129C']","['127N', '127C', '129N', '130N']","['126', '131C']"
293,bannertmt_b21_21,21,"['127N', '128N', '130N', '129N']","['130C', '129C', '128C', '127C', '131N']","['126', '131C']"
294,bannertmt_b20_17,20,"['128C', '130N', '128N', '130C', '127C']","['129C', '127N', '129N', '131N']","['126', '131C']"
295,bannertmt_b16_19,16,"['130C', '127N', '129N', '130N']","['128N', '129C', '128C', '127C', '131N']","['126', '131C']"
296,bannertmt_b14_04,14,"['129C', '128C', '127N']","['127C', '131N', '128N', '130C', '129N', '130N']","['126', '131C']"
297,bannertmt_b04_20,4,"['127N', '127C', '129C', '130C']","['129N', '128C', '130N', '128N', '131N']","['126', '131C']"
298,bannertmt_b16_14,16,"['130C', '127N', '129N', '130N']","['128N', '129C', '128C', '127C', '131N']","['126', '131C']"
299,bannertmt_b12_21,12,"['130C', '131N', '130N', '127N', '129N']","['129C', '127C', '128C', '128N']","['126', '131C']"
300,bannertmt_b22_21,22,"['131N', '128C', '129C', '130N']","['128N', '130C', '127C', '129N', '127N']","['126', '131C']"
301,bannertmt_b15_12,15,"['131N', '127N', '130C', '127C', '128N']","['129C', '130N', '128C', '129N']","['126', '131C']"
302,bannertmt_b03_09,3,"['128C', '127N', '130C', '129C', '127C']","['130N', '129N', '131N', '128N']","['126', '131C']"
303,bannertmt_b20_22,20,"['128C', '130N', '128N', '130C', '127C']","['129C', '127N', '129N', '131N']","['126', '131C']"
304,bannertmt_b16_09,16,"['130C', '127N', '129N', '130N']","['128N', '129C', '128C', '127C', '131N']","['126', '131C']"
305,bannertmt_b06_08,6,"['130N', '127N', '129C', '128C', '128N']","['129N', '127C', '131N', '130C']","['126', '131C']"
306,bannertmt_b06_12,6,"['130N', '127N', '129C', '128C', '128N']","['129N', '127C', '131N', '130C']","['126', '131C']"
307,bannertmt_b16_22,16,"['130C', '127N', '129N', '130N']","['128N', '129C', '128C', '127C', '131N']","['126', '131C']"
308,bannertmt_b22_19,22,"['131N', '128C', '129C', '130N']","['128N', '130C', '127C', '129N', '127N']","['126', '131C']"
309,bannertmt_b16_04,16,"['130C', '127N', '129N', '130N']","['128N', '129C', '128C', '127C', '131N']","['126', '131C']"
310,bannertmt_b11_22,11,"['131N', '130N', '129C', '127N', '129N']","['128C', '128N', '127C', '130C']","['126', '131C']"
311,bannertmt_b16_10,16,"['130C', '127N', '129N', '130N']","['128N', '129C', '128C', '127C', '131N']","['126', '131C']"
312,bannertmt_b18_12,18,"['129C', '130C', '128N', '127N']","['130N', '131N', '127C', '129N', '128C']","['126', '131C']"
313,bannertmt_b09_12,9,"['130C', '131N', '128C', '128N', '129C']","['127N', '127C', '129N', '130N']","['126', '131C']"
314,bannertmt_b18_09,18,"['129C', '130C', '128N', '127N']","['130N', '131N', '127C', '129N', '128C']","['126', '131C']"
315,bannertmt_b20_23,20,"['128C', '130N', '128N', '130C', '127C']","['129C', '127N', '129N', '131N']","['126', '131C']"
316,bannertmt_b10_05,10,"['131N', '129C', '127C', '129N']","['130C', '128N', '130N', '127N', '128C']","['126', '131C']"
317,bannertmt_b11_14,11,"['131N', '130N', '129C', '127N', '129N']","['128C', '128N', '127C', '130C']","['126', '131C']"
318,bannertmt_b06_06,6,"['130N', '127N', '129C', '128C', '128N']","['129N', '127C', '131N', '130C']","['126', '131C']"
319,bannertmt_b15_05,15,"['131N', '127N', '130C', '127C', '128N']","['129C', '130N', '128C', '129N']","['126', '131C']"
320,bannertmt_b15_11,15,"['131N', '127N', '130C', '127C', '128N']","['129C', '130N', '128C', '129N']","['126', '131C']"
321,bannertmt_b03_12,3,"['128C', '127N', '130C', '129C', '127C']","['130N', '129N', '131N', '128N']","['126', '131C']"
322,bannertmt_b13_15,13,"['128C', '127N', '130C', '128N', '129C']","['130N', '131N', '127C', '129N']","['126', '131C']"
323,bannertmt_b14_19,14,"['129C', '128C', '127N']","['127C', '131N', '128N', '130C', '129N', '130N']","['126', '131C']"
324,bannertmt_b04_07,4,"['127N', '127C', '129C', '130C']","['129N', '128C', '130N', '128N', '131N']","['126', '131C']"
325,bannertmt_b10_12,10,"['131N', '129C', '127C', '129N']","['130C', '128N', '130N', '127N', '128C']","['126', '131C']"
326,bannertmt_b04_03,4,"['127N', '127C', '129C', '130C']","['129N', '128C', '130N', '128N', '131N']","['126', '131C']"
327,bannertmt_b05_24,5,"['128N', '130C', '129C', '127N', '128C']","['127C', '129N', '130N', '131N']","['126', '131C']"
328,bannertmt_b15_10,15,"['131N', '127N', '130C', '127C', '128N']","['129C', '130N', '128C', '129N']","['126', '131C']"
329,bannertmt_b09_06,9,"['130C', '131N', '128C', '128N', '129C']","['127N', '127C', '129N', '130N']","['126', '131C']"
330,bannertmt_b22_22,22,"['131N', '128C', '129C', '130N']","['128N', '130C', '127C', '129N', '127N']","['126', '131C']"
331,bannertmt_b10_04,10,"['131N', '129C', '127C', '129N']","['130C', '128N', '130N', '127N', '128C']","['126', '131C']"
332,bannertmt_b10_13,10,"['131N', '129C', '127C', '129N']","['130C', '128N', '130N', '127N', '128C']","['126', '131C']"
333,bannertmt_b11_10,11,"['131N', '130N', '129C', '127N', '129N']","['128C', '128N', '127C', '130C']","['126', '131C']"
334,bannertmt_b17_16,17,"['130N', '131N', '127N', '129N', '128N']","['127C', '129C', '128C', '130C']","['126', '131C']"
335,bannertmt_b20_16,20,"['128C', '130N', '128N', '130C', '127C']","['129C', '127N', '129N', '131N']","['126', '131C']"
336,bannertmt_b18_20,18,"['129C', '130C', '128N', '127N']","['130N', '131N', '127C', '129N', '128C']","['126', '131C']"
337,bannertmt_b14_23,14,"['129C', '128C', '127N']","['127C', '131N', '128N', '130C', '129N', '130N']","['126', '131C']"
338,bannertmt_b20_15,20,"['128C', '130N', '128N', '130C', '127C']","['129C', '127N', '129N', '131N']","['126', '131C']"
339,bannertmt_b19_07,19,"['127N', '130N', '131N', '128N']","['128C', '129C', '127C', '129N', '130C']","['126', '131C']"
340,bannertmt_b08_14,8,"['130C', '127C', '129N', '129C']","['128C', '127N', '131N', '128N', '130N']","['126', '131C']"
341,bannertmt_b15_08,15,"['131N', '127N', '130C', '127C', '128N']","['129C', '130N', '128C', '129N']","['126', '131C']"
342,bannertmt_b13_17,13,"['128C', '127N', '130C', '128N', '129C']","['130N', '131N', '127C', '129N']","['126', '131C']"
343,bannertmt_b20_20,20,"['128C', '130N', '128N', '130C', '127C']","['129C', '127N', '129N', '131N']","['126', '131C']"
344,bannertmt_b19_13,19,"['127N', '130N', '131N', '128N']","['128C', '129C', '127C', '129N', '130C']","['126', '131C']"
345,bannertmt_b14_20,14,"['129C', '128C', '127N']","['127C', '131N', '128N', '130C', '129N', '130N']","['126', '131C']"
346,bannertmt_b12_16,12,"['130C', '131N', '130N', '127N', '129N']","['129C', '127C', '128C', '128N']","['126', '131C']"
347,bannertmt_b12_17,12,"['130C', '131N', '130N', '127N', '129N']","['129C', '127C', '128C', '128N']","['126', '131C']"
348,bannertmt_b04_04,4,"['127N', '127C', '129C', '130C']","['129N', '128C', '130N', '128N', '131N']","['126', '131C']"
349,bannertmt_b08_20,8,"['130C', '127C', '129N', '129C']","['128C', '127N', '131N', '128N', '130N']","['126', '131C']"
350,bannertmt_b16_24,16,"['130C', '127N', '129N', '130N']","['128N', '129C', '128C', '127C', '131N']","['126', '131C']"
351,bannertmt_b09_02,9,"['130C', '131N', '128C', '128N', '129C']","['127N', '127C', '129N', '130N']","['126', '131C']"
352,bannertmt_b19_12,19,"['127N', '130N', '131N', '128N']","['128C', '129C', '127C', '129N', '130C']","['126', '131C']"
353,bannertmt_b19_10,19,"['127N', '130N', '131N', '128N']","['128C', '129C', '127C', '129N', '130C']","['126', '131C']"
354,bannertmt_b08_03,8,"['130C', '127C', '129N', '129C']","['128C', '127N', '131N', '128N', '130N']","['126', '131C']"
355,bannertmt_b11_03,11,"['131N', '130N', '129C', '127N', '129N']","['128C', '128N', '127C', '130C']","['126', '131C']"
356,bannertmt_b16_03,16,"['130C', '127N', '129N', '130N']","['128N', '129C', '128C', '127C', '131N']","['126', '131C']"
357,bannertmt_b03_11,3,"['128C', '127N', '130C', '129C', '127C']","['130N', '129N', '131N', '128N']","['126', '131C']"
358,bannertmt_b07_04,7,"['129N', '131N', '130N', '128N', '127N']","['129C', '128C', '127C', '130C']","['126', '131C']"
359,bannertmt_b18_02,18,"['129C', '130C', '128N', '127N']","['130N', '131N', '127C', '129N', '128C']","['126', '131C']"
360,bannertmt_b09_08,9,"['130C', '131N', '128C', '128N', '129C']","['127N', '127C', '129N', '130N']","['126', '131C']"
361,bannertmt_b02_20,2,"['128N', '131N', '128C', '129C']","['127C', '130N', '130C', '127N', '129N']","['126', '131C']"
362,bannertmt_b08_08,8,"['130C', '127C', '129N', '129C']","['128C', '127N', '131N', '128N', '130N']","['126', '131C']"
363,bannertmt_b08_04,8,"['130C', '127C', '129N', '129C']","['128C', '127N', '131N', '128N', '130N']","['126', '131C']"
364,bannertmt_b14_15,14,"['129C', '128C', '127N']","['127C', '131N', '128N', '130C', '129N', '130N']","['126', '131C']"
365,bannertmt_b09_07,9,"['130C', '131N', '128C', '128N', '129C']","['127N', '127C', '129N', '130N']","['126', '131C']"
366,bannertmt_b22_20,22,"['131N', '128C', '129C', '130N']","['128N', '130C', '127C', '129N', '127N']","['126', '131C']"
367,bannertmt_b07_19,7,"['129N', '131N', '130N', '128N', '127N']","['129C', '128C', '127C', '130C']","['126', '131C']"
368,bannertmt_b13_01,13,"['128C', '127N', '130C', '128N', '129C']","['130N', '131N', '127C', '129N']","['126', '131C']"
369,bannertmt_b12_10,12,"['130C', '131N', '130N', '127N', '129N']","['129C', '127C', '128C', '128N']","['126', '131C']"
370,bannertmt_b22_24,22,"['131N', '128C', '129C', '130N']","['128N', '130C', '127C', '129N', '127N']","['126', '131C']"
371,bannertmt_b06_16,6,"['130N', '127N', '129C', '128C', '128N']","['129N', '127C', '131N', '130C']","['126', '131C']"
372,bannertmt_b21_18,21,"['127N', '128N', '130N', '129N']","['130C', '129C', '128C', '127C', '131N']","['126', '131C']"
373,bannertmt_b08_09,8,"['130C', '127C', '129N', '129C']","['128C', '127N', '131N', '128N', '130N']","['126', '131C']"
374,bannertmt_b02_01,2,"['128N', '131N', '128C', '129C']","['127C', '130N', '130C', '127N', '129N']","['126', '131C']"
375,bannertmt_b17_17,17,"['130N', '131N', '127N', '129N', '128N']","['127C', '129C', '128C', '130C']","['126', '131C']"
376,bannertmt_b15_23,15,"['131N', '127N', '130C', '127C', '128N']","['129C', '130N', '128C', '129N']","['126', '131C']"
377,bannertmt_b09_09,9,"['130C', '131N', '128C', '128N', '129C']","['127N', '127C', '129N', '130N']","['126', '131C']"
378,bannertmt_b11_08,11,"['131N', '130N', '129C', '127N', '129N']","['128C', '128N', '127C', '130C']","['126', '131C']"
379,bannertmt_b15_07,15,"['131N', '127N', '130C', '127C', '128N']","['129C', '130N', '128C', '129N']","['126', '131C']"
380,bannertmt_b21_23,21,"['127N', '128N', '130N', '129N']","['130C', '129C', '128C', '127C', '131N']","['126', '131C']"
381,bannertmt_b04_21,4,"['127N', '127C', '129C', '130C']","['129N', '128C', '130N', '128N', '131N']","['126', '131C']"
382,bannertmt_b01_04,1,"['127N', '129N', '128N', '130N', '131N', '128C']","['129C', '130C', '127C']","['126', '131C']"
383,bannertmt_b02_04,2,"['128N', '131N', '128C', '129C']","['127C', '130N', '130C', '127N', '129N']","['126', '131C']"
384,bannertmt_b11_17,11,"['131N', '130N', '129C', '127N', '129N']","['128C', '128N', '127C', '130C']","['126', '131C']"
385,bannertmt_b06_22,6,"['130N', '127N', '129C', '128C', '128N']","['129N', '127C', '131N', '130C']","['126', '131C']"
386,bannertmt_b21_09,21,"['127N', '128N', '130N', '129N']","['130C', '129C', '128C', '127C', '131N']","['126', '131C']"
387,bannertmt_b16_11,16,"['130C', '127N', '129N', '130N']","['128N', '129C', '128C', '127C', '131N']","['126', '131C']"
388,bannertmt_b08_17,8,"['130C', '127C', '129N', '129C']","['128C', '127N', '131N', '128N', '130N']","['126', '131C']"
389,bannertmt_b12_22,12,"['130C', '131N', '130N', '127N', '129N']","['129C', '127C', '128C', '128N']","['126', '131C']"
390,bannertmt_b16_01,16,"['130C', '127N', '129N', '130N']","['128N', '129C', '128C', '127C', '131N']","['126', '131C']"
391,bannertmt_b10_06,10,"['131N', '129C', '127C', '129N']","['130C', '128N', '130N', '127N', '128C']","['126', '131C']"
392,bannertmt_b17_08,17,"['130N', '131N', '127N', '129N', '128N']","['127C', '129C', '128C', '130C']","['126', '131C']"
393,bannertmt_b09_01,9,"['130C', '131N', '128C', '128N', '129C']","['127N', '127C', '129N', '130N']","['126', '131C']"
394,bannertmt_b19_15,19,"['127N', '130N', '131N', '128N']","['128C', '129C', '127C', '129N', '130C']","['126', '131C']"
395,bannertmt_b07_14,7,"['129N', '131N', '130N', '128N', '127N']","['129C', '128C', '127C', '130C']","['126', '131C']"
396,bannertmt_b08_23,8,"['130C', '127C', '129N', '129C']","['128C', '127N', '131N', '128N', '130N']","['126', '131C']"
397,bannertmt_b16_12,16,"['130C', '127N', '129N', '130N']","['128N', '129C', '128C', '127C', '131N']","['126', '131C']"
398,bannertmt_b06_07,6,"['130N', '127N', '129C', '128C', '128N']","['129N', '127C', '131N', '130C']","['126', '131C']"
399,bannertmt_b11_12,11,"['131N', '130N', '129C', '127N', '129N']","['128C', '128N', '127C', '130C']","['126', '131C']"
400,bannertmt_b17_19,17,"['130N', '131N', '127N', '129N', '128N']","['127C', '129C', '128C', '130C']","['126', '131C']"
401,bannertmt_b11_19,11,"['131N', '130N', '129C', '127N', '129N']","['128C', '128N', '127C', '130C']","['126', '131C']"
402,bannertmt_b13_11,13,"['128C', '127N', '130C', '128N', '129C']","['130N', '131N', '127C', '129N']","['126', '131C']"
403,bannertmt_b01_13,1,"['127N', '129N', '128N', '130N', '131N', '128C']","['129C', '130C', '127C']","['126', '131C']"
404,bannertmt_b09_11,9,"['130C', '131N', '128C', '128N', '129C']","['127N', '127C', '129N', '130N']","['126', '131C']"
405,bannertmt_b18_05,18,"['129C', '130C', '128N', '127N']","['130N', '131N', '127C', '129N', '128C']","['126', '131C']"
406,bannertmt_b13_18,13,"['128C', '127N', '130C', '128N', '129C']","['130N', '131N', '127C', '129N']","['126', '131C']"
407,bannertmt_b11_11,11,"['131N', '130N', '129C', '127N', '129N']","['128C', '128N', '127C', '130C']","['126', '131C']"
408,bannertmt_b22_15,22,"['131N', '128C', '129C', '130N']","['128N', '130C', '127C', '129N', '127N']","['126', '131C']"
409,bannertmt_b10_16,10,"['131N', '129C', '127C', '129N']","['130C', '128N', '130N', '127N', '128C']","['126', '131C']"
410,bannertmt_b05_02,5,"['128N', '130C', '129C', '127N', '128C']","['127C', '129N', '130N', '131N']","['126', '131C']"
411,bannertmt_b10_03,10,"['131N', '129C', '127C', '129N']","['130C', '128N', '130N', '127N', '128C']","['126', '131C']"
412,bannertmt_b07_24,7,"['129N', '131N', '130N', '128N', '127N']","['129C', '128C', '127C', '130C']","['126', '131C']"
413,bannertmt_b16_08,16,"['130C', '127N', '129N', '130N']","['128N', '129C', '128C', '127C', '131N']","['126', '131C']"
414,bannertmt_b10_23,10,"['131N', '129C', '127C', '129N']","['130C', '128N', '130N', '127N', '128C']","['126', '131C']"
415,bannertmt_b19_04,19,"['127N', '130N', '131N', '128N']","['128C', '129C', '127C', '129N', '130C']","['126', '131C']"
416,bannertmt_b10_07,10,"['131N', '129C', '127C', '129N']","['130C', '128N', '130N', '127N', '128C']","['126', '131C']"
417,bannertmt_b09_15,9,"['130C', '131N', '128C', '128N', '129C']","['127N', '127C', '129N', '130N']","['126', '131C']"
418,bannertmt_b17_06,17,"['130N', '131N', '127N', '129N', '128N']","['127C', '129C', '128C', '130C']","['126', '131C']"
419,bannertmt_b14_02,14,"['129C', '128C', '127N']","['127C', '131N', '128N', '130C', '129N', '130N']","['126', '131C']"
420,bannertmt_b13_10,13,"['128C', '127N', '130C', '128N', '129C']","['130N', '131N', '127C', '129N']","['126', '131C']"
421,bannertmt_b04_11,4,"['127N', '127C', '129C', '130C']","['129N', '128C', '130N', '128N', '131N']","['126', '131C']"
422,bannertmt_b09_22,9,"['130C', '131N', '128C', '128N', '129C']","['127N', '127C', '129N', '130N']","['126', '131C']"
423,bannertmt_b08_02,8,"['130C', '127C', '129N', '129C']","['128C', '127N', '131N', '128N', '130N']","['126', '131C']"
424,bannertmt_b02_06,2,"['128N', '131N', '128C', '129C']","['127C', '130N', '130C', '127N', '129N']","['126', '131C']"
425,bannertmt_b13_22,13,"['128C', '127N', '130C', '128N', '129C']","['130N', '131N', '127C', '129N']","['126', '131C']"
426,bannertmt_b06_24,6,"['130N', '127N', '129C', '128C', '128N']","['129N', '127C', '131N', '130C']","['126', '131C']"
427,bannertmt_b22_01,22,"['131N', '128C', '129C', '130N']","['128N', '130C', '127C', '129N', '127N']","['126', '131C']"
428,bannertmt_b11_06,11,"['131N', '130N', '129C', '127N', '129N']","['128C', '128N', '127C', '130C']","['126', '131C']"
429,bannertmt_b04_16,4,"['127N', '127C', '129C', '130C']","['129N', '128C', '130N', '128N', '131N']","['126', '131C']"
430,bannertmt_b21_07,21,"['127N', '128N', '130N', '129N']","['130C', '129C', '128C', '127C', '131N']","['126', '131C']"
431,bannertmt_b03_13,3,"['128C', '127N', '130C', '129C', '127C']","['130N', '129N', '131N', '128N']","['126', '131C']"
432,bannertmt_b18_18,18,"['129C', '130C', '128N', '127N']","['130N', '131N', '127C', '129N', '128C']","['126', '131C']"
433,bannertmt_b13_05,13,"['128C', '127N', '130C', '128N', '129C']","['130N', '131N', '127C', '129N']","['126', '131C']"
434,bannertmt_b09_19,9,"['130C', '131N', '128C', '128N', '129C']","['127N', '127C', '129N', '130N']","['126', '131C']"
435,bannertmt_b12_18,12,"['130C', '131N', '130N', '127N', '129N']","['129C', '127C', '128C', '128N']","['126', '131C']"
436,bannertmt_b05_19,5,"['128N', '130C', '129C', '127N', '128C']","['127C', '129N', '130N', '131N']","['126', '131C']"
437,bannertmt_b20_21,20,"['128C', '130N', '128N', '130C', '127C']","['129C', '127N', '129N', '131N']","['126', '131C']"
438,bannertmt_b15_02,15,"['131N', '127N', '130C', '127C', '128N']","['129C', '130N', '128C', '129N']","['126', '131C']"
439,bannertmt_b02_19,2,"['128N', '131N', '128C', '129C']","['127C', '130N', '130C', '127N', '129N']","['126', '131C']"
440,bannertmt_b11_21,11,"['131N', '130N', '129C', '127N', '129N']","['128C', '128N', '127C', '130C']","['126', '131C']"
441,bannertmt_b06_04,6,"['130N', '127N', '129C', '128C', '128N']","['129N', '127C', '131N', '130C']","['126', '131C']"
442,bannertmt_b09_10,9,"['130C', '131N', '128C', '128N', '129C']","['127N', '127C', '129N', '130N']","['126', '131C']"
443,bannertmt_b11_24,11,"['131N', '130N', '129C', '127N', '129N']","['128C', '128N', '127C', '130C']","['126', '131C']"
444,bannertmt_b14_13,14,"['129C', '128C', '127N']","['127C', '131N', '128N', '130C', '129N', '130N']","['126', '131C']"
445,bannertmt_b15_13,15,"['131N', '127N', '130C', '127C', '128N']","['129C', '130N', '128C', '129N']","['126', '131C']"
446,bannertmt_b01_12,1,"['127N', '129N', '128N', '130N', '131N', '128C']","['129C', '130C', '127C']","['126', '131C']"
447,bannertmt_b02_22,2,"['128N', '131N', '128C', '129C']","['127C', '130N', '130C', '127N', '129N']","['126', '131C']"
448,bannertmt_b19_14,19,"['127N', '130N', '131N', '128N']","['128C', '129C', '127C', '129N', '130C']","['126', '131C']"
449,bannertmt_b09_13,9,"['130C', '131N', '128C', '128N', '129C']","['127N', '127C', '129N', '130N']","['126', '131C']"
450,bannertmt_b03_04,3,"['128C', '127N', '130C', '129C', '127C']","['130N', '129N', '131N', '128N']","['126', '131C']"
451,bannertmt_b07_18,7,"['129N', '131N', '130N', '128N', '127N']","['129C', '128C', '127C', '130C']","['126', '131C']"
452,bannertmt_b12_19,12,"['130C', '131N', '130N', '127N', '129N']","['129C', '127C', '128C', '128N']","['126', '131C']"
453,bannertmt_b15_18,15,"['131N', '127N', '130C', '127C', '128N']","['129C', '130N', '128C', '129N']","['126', '131C']"
454,bannertmt_b08_24,8,"['130C', '127C', '129N', '129C']","['128C', '127N', '131N', '128N', '130N']","['126', '131C']"
455,bannertmt_b01_09,1,"['127N', '129N', '128N', '130N', '131N', '128C']","['129C', '130C', '127C']","['126', '131C']"
456,bannertmt_b22_18,22,"['131N', '128C', '129C', '130N']","['128N', '130C', '127C', '129N', '127N']","['126', '131C']"
457,bannertmt_b16_07,16,"['130C', '127N', '129N', '130N']","['128N', '129C', '128C', '127C', '131N']","['126', '131C']"
458,bannertmt_b12_07,12,"['130C', '131N', '130N', '127N', '129N']","['129C', '127C', '128C', '128N']","['126', '131C']"
459,bannertmt_b13_19,13,"['128C', '127N', '130C', '128N', '129C']","['130N', '131N', '127C', '129N']","['126', '131C']"
460,bannertmt_b21_22,21,"['127N', '128N', '130N', '129N']","['130C', '129C', '128C', '127C', '131N']","['126', '131C']"
461,bannertmt_b07_16,7,"['129N', '131N', '130N', '128N', '127N']","['129C', '128C', '127C', '130C']","['126', '131C']"
462,bannertmt_b15_24,15,"['131N', '127N', '130C', '127C', '128N']","['129C', '130N', '128C', '129N']","['126', '131C']"
463,bannertmt_b05_14,5,"['128N', '130C', '129C', '127N', '128C']","['127C', '129N', '130N', '131N']","['126', '131C']"
464,bannertmt_b17_05,17,"['130N', '131N', '127N', '129N', '128N']","['127C', '129C', '128C', '130C']","['126', '131C']"
465,bannertmt_b02_15,2,"['128N', '131N', '128C', '129C']","['127C', '130N', '130C', '127N', '129N']","['126', '131C']"
466,bannertmt_b17_10,17,"['130N', '131N', '127N', '129N', '128N']","['127C', '129C', '128C', '130C']","['126', '131C']"
467,bannertmt_b20_01,20,"['128C', '130N', '128N', '130C', '127C']","['129C', '127N', '129N', '131N']","['126', '131C']"
468,bannertmt_b16_05,16,"['130C', '127N', '129N', '130N']","['128N', '129C', '128C', '127C', '131N']","['126', '131C']"
469,bannertmt_b20_03,20,"['128C', '130N', '128N', '130C', '127C']","['129C', '127N', '129N', '131N']","['126', '131C']"
470,bannertmt_b10_19,10,"['131N', '129C', '127C', '129N']","['130C', '128N', '130N', '127N', '128C']","['126', '131C']"
471,bannertmt_b01_20,1,"['127N', '129N', '128N', '130N', '131N', '128C']","['129C', '130C', '127C']","['126', '131C']"
472,bannertmt_b02_21,2,"['128N', '131N', '128C', '129C']","['127C', '130N', '130C', '127N', '129N']","['126', '131C']"
473,bannertmt_b17_22,17,"['130N', '131N', '127N', '129N', '128N']","['127C', '129C', '128C', '130C']","['126', '131C']"
474,bannertmt_b17_07,17,"['130N', '131N', '127N', '129N', '128N']","['127C', '129C', '128C', '130C']","['126', '131C']"
475,bannertmt_b12_15,12,"['130C', '131N', '130N', '127N', '129N']","['129C', '127C', '128C', '128N']","['126', '131C']"
476,bannertmt_b14_18,14,"['129C', '128C', '127N']","['127C', '131N', '128N', '130C', '129N', '130N']","['126', '131C']"
477,bannertmt_b02_02,2,"['128N', '131N', '128C', '129C']","['127C', '130N', '130C', '127N', '129N']","['126', '131C']"
478,bannertmt_b08_01,8,"['130C', '127C', '129N', '129C']","['128C', '127N', '131N', '128N', '130N']","['126', '131C']"
479,bannertmt_b22_11,22,"['131N', '128C', '129C', '130N']","['128N', '130C', '127C', '129N', '127N']","['126', '131C']"
480,bannertmt_b18_01,18,"['129C', '130C', '128N', '127N']","['130N', '131N', '127C', '129N', '128C']","['126', '131C']"
481,bannertmt_b10_10,10,"['131N', '129C', '127C', '129N']","['130C', '128N', '130N', '127N', '128C']","['126', '131C']"
482,bannertmt_b18_15,18,"['129C', '130C', '128N', '127N']","['130N', '131N', '127C', '129N', '128C']","['126', '131C']"
483,bannertmt_b06_17,6,"['130N', '127N', '129C', '128C', '128N']","['129N', '127C', '131N', '130C']","['126', '131C']"
484,bannertmt_b06_03,6,"['130N', '127N', '129C', '128C', '128N']","['129N', '127C', '131N', '130C']","['126', '131C']"
485,bannertmt_b04_19,4,"['127N', '127C', '129C', '130C']","['129N', '128C', '130N', '128N', '131N']","['126', '131C']"
486,bannertmt_b21_05,21,"['127N', '128N', '130N', '129N']","['130C', '129C', '128C', '127C', '131N']","['126', '131C']"
487,bannertmt_b14_17,14,"['129C', '128C', '127N']","['127C', '131N', '128N', '130C', '129N', '130N']","['126', '131C']"
488,bannertmt_b19_24,19,"['127N', '130N', '131N', '128N']","['128C', '129C', '127C', '129N', '130C']","['126', '131C']"
489,bannertmt_b15_15,15,"['131N', '127N', '130C', '127C', '128N']","['129C', '130N', '128C', '129N']","['126', '131C']"
490,bannertmt_b10_24,10,"['131N', '129C', '127C', '129N']","['130C', '128N', '130N', '127N', '128C']","['126', '131C']"
491,bannertmt_b16_23,16,"['130C', '127N', '129N', '130N']","['128N', '129C', '128C', '127C', '131N']","['126', '131C']"
492,bannertmt_b21_19,21,"['127N', '128N', '130N', '129N']","['130C', '129C', '128C', '127C', '131N']","['126', '131C']"
493,bannertmt_b17_23,17,"['130N', '131N', '127N', '129N', '128N']","['127C', '129C', '128C', '130C']","['126', '131C']"
494,bannertmt_b21_01,21,"['127N', '128N', '130N', '129N']","['130C', '129C', '128C', '127C', '131N']","['126', '131C']"
495,bannertmt_b02_07,2,"['128N', '131N', '128C', '129C']","['127C', '130N', '130C', '127N', '129N']","['126', '131C']"
496,bannertmt_b20_24,20,"['128C', '130N', '128N', '130C', '127C']","['129C', '127N', '129N', '131N']","['126', '131C']"
497,bannertmt_b15_22,15,"['131N', '127N', '130C', '127C', '128N']","['129C', '130N', '128C', '129N']","['126', '131C']"
498,bannertmt_b04_15,4,"['127N', '127C', '129C', '130C']","['129N', '128C', '130N', '128N', '131N']","['126', '131C']"
499,bannertmt_b14_24,14,"['129C', '128C', '127N']","['127C', '131N', '128N', '130C', '129N', '130N']","['126', '131C']"
500,bannertmt_b05_04,5,"['128N', '130C', '129C', '127N', '128C']","['127C', '129N', '130N', '131N']","['126', '131C']"
501,bannertmt_b02_09,2,"['128N', '131N', '128C', '129C']","['127C', '130N', '130C', '127N', '129N']","['126', '131C']"
502,bannertmt_b06_10,6,"['130N', '127N', '129C', '128C', '128N']","['129N', '127C', '131N', '130C']","['126', '131C']"
503,bannertmt_b18_24,18,"['129C', '130C', '128N', '127N']","['130N', '131N', '127C', '129N', '128C']","['126', '131C']"
504,bannertmt_b09_17,9,"['130C', '131N', '128C', '128N', '129C']","['127N', '127C', '129N', '130N']","['126', '131C']"
505,bannertmt_b21_03,21,"['127N', '128N', '130N', '129N']","['130C', '129C', '128C', '127C', '131N']","['126', '131C']"
506,bannertmt_b19_22,19,"['127N', '130N', '131N', '128N']","['128C', '129C', '127C', '129N', '130C']","['126', '131C']"
507,bannertmt_b05_12,5,"['128N', '130C', '129C', '127N', '128C']","['127C', '129N', '130N', '131N']","['126', '131C']"
508,bannertmt_b02_05,2,"['128N', '131N', '128C', '129C']","['127C', '130N', '130C', '127N', '129N']","['126', '131C']"
509,bannertmt_b18_11,18,"['129C', '130C', '128N', '127N']","['130N', '131N', '127C', '129N', '128C']","['126', '131C']"
510,bannertmt_b20_09,20,"['128C', '130N', '128N', '130C', '127C']","['129C', '127N', '129N', '131N']","['126', '131C']"
511,bannertmt_b12_23,12,"['130C', '131N', '130N', '127N', '129N']","['129C', '127C', '128C', '128N']","['126', '131C']"
512,bannertmt_b11_16,11,"['131N', '130N', '129C', '127N', '129N']","['128C', '128N', '127C', '130C']","['126', '131C']"
513,bannertmt_b13_07,13,"['128C', '127N', '130C', '128N', '129C']","['130N', '131N', '127C', '129N']","['126', '131C']"
514,bannertmt_b13_04,13,"['128C', '127N', '130C', '128N', '129C']","['130N', '131N', '127C', '129N']","['126', '131C']"
515,bannertmt_b11_07,11,"['131N', '130N', '129C', '127N', '129N']","['128C', '128N', '127C', '130C']","['126', '131C']"
516,bannertmt_b20_11,20,"['128C', '130N', '128N', '130C', '127C']","['129C', '127N', '129N', '131N']","['126', '131C']"
517,bannertmt_b17_11,17,"['130N', '131N', '127N', '129N', '128N']","['127C', '129C', '128C', '130C']","['126', '131C']"
518,bannertmt_b13_12,13,"['128C', '127N', '130C', '128N', '129C']","['130N', '131N', '127C', '129N']","['126', '131C']"
519,bannertmt_b21_12,21,"['127N', '128N', '130N', '129N']","['130C', '129C', '128C', '127C', '131N']","['126', '131C']"
520,bannertmt_b13_24,13,"['128C', '127N', '130C', '128N', '129C']","['130N', '131N', '127C', '129N']","['126', '131C']"
521,bannertmt_b02_12,2,"['128N', '131N', '128C', '129C']","['127C', '130N', '130C', '127N', '129N']","['126', '131C']"
522,bannertmt_b01_06,1,"['127N', '129N', '128N', '130N', '131N', '128C']","['129C', '130C', '127C']","['126', '131C']"
523,bannertmt_b05_01,5,"['128N', '130C', '129C', '127N', '128C']","['127C', '129N', '130N', '131N']","['126', '131C']"
524,bannertmt_b06_01,6,"['130N', '127N', '129C', '128C', '128N']","['129N', '127C', '131N', '130C']","['126', '131C']"
525,bannertmt_b12_01,12,"['130C', '131N', '130N', '127N', '129N']","['129C', '127C', '128C', '128N']","['126', '131C']"
526,bannertmt_b22_14,22,"['131N', '128C', '129C', '130N']","['128N', '130C', '127C', '129N', '127N']","['126', '131C']"
527,bannertmt_b04_24,4,"['127N', '127C', '129C', '130C']","['129N', '128C', '130N', '128N', '131N']","['126', '131C']"
